<?xml version="1.0" encoding="UTF-8"?>
<config xmlns="http://www.knime.org/2008/09/XMLConfig" xmlns:xsi="http://www.w3.org/2001/XMLSchema-instance" xsi:schemaLocation="http://www.knime.org/2008/09/XMLConfig http://www.knime.org/XMLConfig_2008_09.xsd" key="model.xml">
<entry key="version" type="xint" value="1"/>
<entry key="class_name" type="xstring" value="org.knime.base.node.mine.bayes.naivebayes.port.NaiveBayesPortObject"/>
<config key="model">
<config key="naiveBayesModel">
<entry key="ClassColumnName" type="xstring" value="powaga"/>
<entry key="skipMissingVals" type="xboolean" value="false"/>
<config key="SkippedAttributes">
<entry key="SkippedAttributesCounter" type="xint" value="0"/>
</config>
<config key="AttributeModelSection">
<entry key="RecordCounter" type="xint" value="1900"/>
<entry key="AttributeModelCounter" type="xint" value="7"/>
<config key="AttributeModelData_0">
<entry key="attributeName" type="xstring" value="powaga"/>
<entry key="type" type="xstring" value="ClassModel"/>
<entry key="skipMissingVals" type="xboolean" value="false"/>
<entry key="numberOfMissingValues" type="xint" value="0"/>
<entry key="invalidCause" type="xstring" isnull="true" value=""/>
<config key="data">
<entry key="totalNoOfRecords" type="xint" value="1900"/>
<entry key="maxNoOfClassValues" type="xint" value="20"/>
<config key="classValues">
<entry key="array-size" type="xint" value="2"/>
<entry key="0" type="xstring" value="Lekki"/>
<entry key="1" type="xstring" value="Poważny"/>
</config>
<config key="classRecordCounter">
<entry key="array-size" type="xint" value="2"/>
<entry key="0" type="xint" value="950"/>
<entry key="1" type="xint" value="950"/>
</config>
</config>
</config>
<config key="AttributeModelData_1">
<entry key="attributeName" type="xstring" value="oswietlenie"/>
<entry key="type" type="xstring" value="NominalModel"/>
<entry key="skipMissingVals" type="xboolean" value="false"/>
<entry key="numberOfMissingValues" type="xint" value="0"/>
<entry key="invalidCause" type="xstring" isnull="true" value=""/>
<config key="data">
<entry key="maxNoOfAttrs" type="xint" value="20"/>
<entry key="noOfClasses" type="xint" value="2"/>
<config key="attributeValues">
<entry key="array-size" type="xint" value="5"/>
<entry key="0" type="xstring" value="Daylight"/>
<entry key="1" type="xstring" value="Darkness - lighting unknown"/>
<entry key="2" type="xstring" value="Darkness - no lighting"/>
<entry key="3" type="xstring" value="Darkness - lights unlit"/>
<entry key="4" type="xstring" value="Darkness - lights lit"/>
</config>
<config key="classValueData_0">
<entry key="classValue" type="xstring" value="Lekki"/>
<entry key="noOfRows" type="xint" value="950"/>
<entry key="MissingValCounter" type="xint" value="0"/>
<config key="attributeValues">
<entry key="array-size" type="xint" value="5"/>
<entry key="0" type="xstring" value="Daylight"/>
<entry key="1" type="xstring" value="Darkness - lighting unknown"/>
<entry key="2" type="xstring" value="Darkness - no lighting"/>
<entry key="3" type="xstring" value="Darkness - lights unlit"/>
<entry key="4" type="xstring" value="Darkness - lights lit"/>
</config>
<config key="attributeCounter">
<entry key="array-size" type="xint" value="5"/>
<entry key="0" type="xint" value="692"/>
<entry key="1" type="xint" value="2"/>
<entry key="2" type="xint" value="24"/>
<entry key="3" type="xint" value="4"/>
<entry key="4" type="xint" value="228"/>
</config>
</config>
<config key="classValueData_1">
<entry key="classValue" type="xstring" value="Poważny"/>
<entry key="noOfRows" type="xint" value="950"/>
<entry key="MissingValCounter" type="xint" value="0"/>
<config key="attributeValues">
<entry key="array-size" type="xint" value="5"/>
<entry key="0" type="xstring" value="Daylight"/>
<entry key="1" type="xstring" value="Darkness - lighting unknown"/>
<entry key="2" type="xstring" value="Darkness - no lighting"/>
<entry key="3" type="xstring" value="Darkness - lights unlit"/>
<entry key="4" type="xstring" value="Darkness - lights lit"/>
</config>
<config key="attributeCounter">
<entry key="array-size" type="xint" value="5"/>
<entry key="0" type="xint" value="621"/>
<entry key="1" type="xint" value="8"/>
<entry key="2" type="xint" value="62"/>
<entry key="3" type="xint" value="3"/>
<entry key="4" type="xint" value="256"/>
</config>
</config>
</config>
</config>
<config key="AttributeModelData_2">
<entry key="attributeName" type="xstring" value="limit_predkosci"/>
<entry key="type" type="xstring" value="NumericalModel"/>
<entry key="skipMissingVals" type="xboolean" value="false"/>
<entry key="numberOfMissingValues" type="xint" value="0"/>
<entry key="invalidCause" type="xstring" isnull="true" value=""/>
<config key="data">
<entry key="noOfClasses" type="xint" value="2"/>
<config key="classValueData_0">
<entry key="classValue" type="xstring" value="Lekki"/>
<entry key="MissingValCounter" type="xint" value="0"/>
<entry key="noOfRows" type="xint" value="950"/>
<entry key="sum" type="xdouble" value="34260.0"/>
<entry key="squareSum" type="xdouble" value="1378000.0"/>
</config>
<config key="classValueData_1">
<entry key="classValue" type="xstring" value="Poważny"/>
<entry key="MissingValCounter" type="xint" value="0"/>
<entry key="noOfRows" type="xint" value="950"/>
<entry key="sum" type="xdouble" value="36700.0"/>
<entry key="squareSum" type="xdouble" value="1587800.0"/>
</config>
</config>
</config>
<config key="AttributeModelData_3">
<entry key="attributeName" type="xstring" value="dzien_tygodnia"/>
<entry key="type" type="xstring" value="NominalModel"/>
<entry key="skipMissingVals" type="xboolean" value="false"/>
<entry key="numberOfMissingValues" type="xint" value="0"/>
<entry key="invalidCause" type="xstring" isnull="true" value=""/>
<config key="data">
<entry key="maxNoOfAttrs" type="xint" value="20"/>
<entry key="noOfClasses" type="xint" value="2"/>
<config key="attributeValues">
<entry key="array-size" type="xint" value="7"/>
<entry key="0" type="xstring" value="3"/>
<entry key="1" type="xstring" value="2"/>
<entry key="2" type="xstring" value="1"/>
<entry key="3" type="xstring" value="7"/>
<entry key="4" type="xstring" value="6"/>
<entry key="5" type="xstring" value="5"/>
<entry key="6" type="xstring" value="4"/>
</config>
<config key="classValueData_0">
<entry key="classValue" type="xstring" value="Lekki"/>
<entry key="noOfRows" type="xint" value="950"/>
<entry key="MissingValCounter" type="xint" value="0"/>
<config key="attributeValues">
<entry key="array-size" type="xint" value="7"/>
<entry key="0" type="xstring" value="3"/>
<entry key="1" type="xstring" value="2"/>
<entry key="2" type="xstring" value="1"/>
<entry key="3" type="xstring" value="7"/>
<entry key="4" type="xstring" value="6"/>
<entry key="5" type="xstring" value="5"/>
<entry key="6" type="xstring" value="4"/>
</config>
<config key="attributeCounter">
<entry key="array-size" type="xint" value="7"/>
<entry key="0" type="xint" value="177"/>
<entry key="1" type="xint" value="126"/>
<entry key="2" type="xint" value="110"/>
<entry key="3" type="xint" value="120"/>
<entry key="4" type="xint" value="130"/>
<entry key="5" type="xint" value="127"/>
<entry key="6" type="xint" value="160"/>
</config>
</config>
<config key="classValueData_1">
<entry key="classValue" type="xstring" value="Poważny"/>
<entry key="noOfRows" type="xint" value="950"/>
<entry key="MissingValCounter" type="xint" value="0"/>
<config key="attributeValues">
<entry key="array-size" type="xint" value="7"/>
<entry key="0" type="xstring" value="3"/>
<entry key="1" type="xstring" value="2"/>
<entry key="2" type="xstring" value="1"/>
<entry key="3" type="xstring" value="7"/>
<entry key="4" type="xstring" value="6"/>
<entry key="5" type="xstring" value="5"/>
<entry key="6" type="xstring" value="4"/>
</config>
<config key="attributeCounter">
<entry key="array-size" type="xint" value="7"/>
<entry key="0" type="xint" value="152"/>
<entry key="1" type="xint" value="115"/>
<entry key="2" type="xint" value="122"/>
<entry key="3" type="xint" value="149"/>
<entry key="4" type="xint" value="167"/>
<entry key="5" type="xint" value="121"/>
<entry key="6" type="xint" value="124"/>
</config>
</config>
</config>
</config>
<config key="AttributeModelData_4">
<entry key="attributeName" type="xstring" value="pogoda"/>
<entry key="type" type="xstring" value="NominalModel"/>
<entry key="skipMissingVals" type="xboolean" value="false"/>
<entry key="numberOfMissingValues" type="xint" value="0"/>
<entry key="invalidCause" type="xstring" isnull="true" value=""/>
<config key="data">
<entry key="maxNoOfAttrs" type="xint" value="20"/>
<entry key="noOfClasses" type="xint" value="2"/>
<config key="attributeValues">
<entry key="array-size" type="xint" value="9"/>
<entry key="0" type="xstring" value="Unknown"/>
<entry key="1" type="xstring" value="Fog or mist"/>
<entry key="2" type="xstring" value="Other"/>
<entry key="3" type="xstring" value="Snowing no high winds"/>
<entry key="4" type="xstring" value="Fine + high winds"/>
<entry key="5" type="xstring" value="Snowing + high winds"/>
<entry key="6" type="xstring" value="Raining no high winds"/>
<entry key="7" type="xstring" value="Raining + high winds"/>
<entry key="8" type="xstring" value="Fine no high winds"/>
</config>
<config key="classValueData_0">
<entry key="classValue" type="xstring" value="Lekki"/>
<entry key="noOfRows" type="xint" value="950"/>
<entry key="MissingValCounter" type="xint" value="0"/>
<config key="attributeValues">
<entry key="array-size" type="xint" value="8"/>
<entry key="0" type="xstring" value="Fog or mist"/>
<entry key="1" type="xstring" value="Unknown"/>
<entry key="2" type="xstring" value="Other"/>
<entry key="3" type="xstring" value="Snowing no high winds"/>
<entry key="4" type="xstring" value="Fine + high winds"/>
<entry key="5" type="xstring" value="Raining no high winds"/>
<entry key="6" type="xstring" value="Raining + high winds"/>
<entry key="7" type="xstring" value="Fine no high winds"/>
</config>
<config key="attributeCounter">
<entry key="array-size" type="xint" value="8"/>
<entry key="0" type="xint" value="4"/>
<entry key="1" type="xint" value="13"/>
<entry key="2" type="xint" value="18"/>
<entry key="3" type="xint" value="11"/>
<entry key="4" type="xint" value="8"/>
<entry key="5" type="xint" value="129"/>
<entry key="6" type="xint" value="9"/>
<entry key="7" type="xint" value="758"/>
</config>
</config>
<config key="classValueData_1">
<entry key="classValue" type="xstring" value="Poważny"/>
<entry key="noOfRows" type="xint" value="950"/>
<entry key="MissingValCounter" type="xint" value="0"/>
<config key="attributeValues">
<entry key="array-size" type="xint" value="9"/>
<entry key="0" type="xstring" value="Unknown"/>
<entry key="1" type="xstring" value="Fog or mist"/>
<entry key="2" type="xstring" value="Other"/>
<entry key="3" type="xstring" value="Snowing no high winds"/>
<entry key="4" type="xstring" value="Fine + high winds"/>
<entry key="5" type="xstring" value="Snowing + high winds"/>
<entry key="6" type="xstring" value="Raining no high winds"/>
<entry key="7" type="xstring" value="Raining + high winds"/>
<entry key="8" type="xstring" value="Fine no high winds"/>
</config>
<config key="attributeCounter">
<entry key="array-size" type="xint" value="9"/>
<entry key="0" type="xint" value="7"/>
<entry key="1" type="xint" value="2"/>
<entry key="2" type="xint" value="14"/>
<entry key="3" type="xint" value="6"/>
<entry key="4" type="xint" value="11"/>
<entry key="5" type="xint" value="1"/>
<entry key="6" type="xint" value="87"/>
<entry key="7" type="xint" value="9"/>
<entry key="8" type="xint" value="813"/>
</config>
</config>
</config>
</config>
<config key="AttributeModelData_5">
<entry key="attributeName" type="xstring" value="liczba_pojazdow"/>
<entry key="type" type="xstring" value="NumericalModel"/>
<entry key="skipMissingVals" type="xboolean" value="false"/>
<entry key="numberOfMissingValues" type="xint" value="0"/>
<entry key="invalidCause" type="xstring" isnull="true" value=""/>
<config key="data">
<entry key="noOfClasses" type="xint" value="2"/>
<config key="classValueData_0">
<entry key="classValue" type="xstring" value="Lekki"/>
<entry key="MissingValCounter" type="xint" value="0"/>
<entry key="noOfRows" type="xint" value="950"/>
<entry key="sum" type="xdouble" value="1768.0"/>
<entry key="squareSum" type="xdouble" value="3666.0"/>
</config>
<config key="classValueData_1">
<entry key="classValue" type="xstring" value="Poważny"/>
<entry key="MissingValCounter" type="xint" value="0"/>
<entry key="noOfRows" type="xint" value="950"/>
<entry key="sum" type="xdouble" value="1574.0"/>
<entry key="squareSum" type="xdouble" value="3110.0"/>
</config>
</config>
</config>
<config key="AttributeModelData_6">
<entry key="attributeName" type="xstring" value="zdarzenia_losowe"/>
<entry key="type" type="xstring" value="NominalModel"/>
<entry key="skipMissingVals" type="xboolean" value="false"/>
<entry key="numberOfMissingValues" type="xint" value="0"/>
<entry key="invalidCause" type="xstring" isnull="true" value=""/>
<config key="data">
<entry key="maxNoOfAttrs" type="xint" value="20"/>
<entry key="noOfClasses" type="xint" value="2"/>
<config key="attributeValues">
<entry key="array-size" type="xint" value="6"/>
<entry key="0" type="xstring" value="Previous accident"/>
<entry key="1" type="xstring" value="Pedestrian in carriageway - not injured"/>
<entry key="2" type="xstring" value="Other object on road"/>
<entry key="3" type="xstring" value="Vehicle load on road"/>
<entry key="4" type="xstring" value="None"/>
<entry key="5" type="xstring" value="Any animal in carriageway (except ridden horse)"/>
</config>
<config key="classValueData_0">
<entry key="classValue" type="xstring" value="Lekki"/>
<entry key="noOfRows" type="xint" value="950"/>
<entry key="MissingValCounter" type="xint" value="0"/>
<config key="attributeValues">
<entry key="array-size" type="xint" value="4"/>
<entry key="0" type="xstring" value="Pedestrian in carriageway - not injured"/>
<entry key="1" type="xstring" value="Other object on road"/>
<entry key="2" type="xstring" value="None"/>
<entry key="3" type="xstring" value="Any animal in carriageway (except ridden horse)"/>
</config>
<config key="attributeCounter">
<entry key="array-size" type="xint" value="4"/>
<entry key="0" type="xint" value="2"/>
<entry key="1" type="xint" value="10"/>
<entry key="2" type="xint" value="936"/>
<entry key="3" type="xint" value="2"/>
</config>
</config>
<config key="classValueData_1">
<entry key="classValue" type="xstring" value="Poważny"/>
<entry key="noOfRows" type="xint" value="950"/>
<entry key="MissingValCounter" type="xint" value="0"/>
<config key="attributeValues">
<entry key="array-size" type="xint" value="6"/>
<entry key="0" type="xstring" value="Previous accident"/>
<entry key="1" type="xstring" value="Pedestrian in carriageway - not injured"/>
<entry key="2" type="xstring" value="Other object on road"/>
<entry key="3" type="xstring" value="Vehicle load on road"/>
<entry key="4" type="xstring" value="None"/>
<entry key="5" type="xstring" value="Any animal in carriageway (except ridden horse)"/>
</config>
<config key="attributeCounter">
<entry key="array-size" type="xint" value="6"/>
<entry key="0" type="xint" value="2"/>
<entry key="1" type="xint" value="2"/>
<entry key="2" type="xint" value="15"/>
<entry key="3" type="xint" value="1"/>
<entry key="4" type="xint" value="924"/>
<entry key="5" type="xint" value="6"/>
</config>
</config>
</config>
</config>
</config>
</config>
</config>
</config>
