<?xml version="1.0" encoding="UTF-8"?>
<config xmlns="http://www.knime.org/2008/09/XMLConfig" xmlns:xsi="http://www.w3.org/2001/XMLSchema-instance" xsi:schemaLocation="http://www.knime.org/2008/09/XMLConfig http://www.knime.org/XMLConfig_2008_09.xsd" key="MiningSchema">
<config key="learning">
<entry key="array-size" type="xint" value="13"/>
<entry key="0" type="xstring" value="Accident_Severity"/>
<entry key="1" type="xstring" value="Number_of_Vehicles"/>
<entry key="2" type="xstring" value="Day_of_Week"/>
<entry key="3" type="xstring" value="Road_Type"/>
<entry key="4" type="xstring" value="Speed_limit"/>
<entry key="5" type="xstring" value="Junction_Detail"/>
<entry key="6" type="xstring" value="Junction_Control"/>
<entry key="7" type="xstring" value="Light_Conditions"/>
<entry key="8" type="xstring" value="Weather_Conditions"/>
<entry key="9" type="xstring" value="Road_Surface_Conditions"/>
<entry key="10" type="xstring" value="Carriageway_Hazards"/>
<entry key="11" type="xstring" value="Urban_or_Rural_Area"/>
<entry key="12" type="xstring" value="Hour"/>
</config>
<config key="target">
<entry key="array-size" type="xint" value="0"/>
</config>
</config>
